[
    {
        "index": 1,
        "title": "스파게티로 해장을? 숙취해소에 좋은 세계음식",
        "author": "김수현 기자",
        "password": "",
        "contents": "스파게티, 콩나물국밥, 블러디 시저의 공통점은?<br /><br />민족마다 식성이 다르듯, 전 세계 숙취해소 음식도 천차만별이다. 과음으로 거북한 속을 달래주기 위해 뜨끈한 국물을 선호하는 우리와 달리 스파게티, 칵테일로 속을 달래는 세계인들도 있다.",
        "timestamp": 1611705362
    },
    {
        "index": 2,
        "title": "식용유는 분무기에 담아 사용하자",
        "author": "리빙포인트",
        "password": "",
        "contents": "식용유는 분무기에 담아 쓰면 편리하다. 기름양을 조절하기 쉽고, 프라이팬에 골고루 얇게 기름을 두를 수 있다.",
        "timestamp": 1611611632
    },
    {
        "title": "test",
        "contents": "abc",
        "author": "zao95@naver.com",
        "password": "c5ae0cd05b8a84503bfec754df6bcc48737f28a6884fcdb7e0a810c3a16f1921",
        "timestamp": 1617770778.388,
        "index": 3
    },
    {
        "title": "테스트 용 제목",
        "author": "김민하",
        "password": "36acf017ea0974457577506ef75268ac93ed6d61864ee994f438b63916ed1736",
        "contents": "테스트 게시글",
        "timestamp": 1650889881962,
        "index": 4
    },
    {
        "title": "테스트 용 제목",
        "author": "김민하",
        "password": "36acf017ea0974457577506ef75268ac93ed6d61864ee994f438b63916ed1736",
        "contents": "테스트 게시글",
        "timestamp": 1650889883258,
        "index": 5
    },
    {
        "title": "테스트 용 제목",
        "author": "김민하",
        "password": "36acf017ea0974457577506ef75268ac93ed6d61864ee994f438b63916ed1736",
        "contents": "테스트 게시글",
        "timestamp": 1650889884280,
        "index": 6
    },
    {
        "title": "테스트 용 제목",
        "author": "김민하",
        "password": "36acf017ea0974457577506ef75268ac93ed6d61864ee994f438b63916ed1736",
        "contents": "테스트 게시글",
        "timestamp": 1650889885510,
        "index": 7
    },
    {
        "title": "테스트 용 제목",
        "author": "김민하",
        "password": "36acf017ea0974457577506ef75268ac93ed6d61864ee994f438b63916ed1736",
        "contents": "테스트 게시글",
        "timestamp": 1650889886289,
        "index": 8
    },
    {
        "title": "테스트 용 제목",
        "author": "김민하",
        "password": "36acf017ea0974457577506ef75268ac93ed6d61864ee994f438b63916ed1736",
        "contents": "테스트 게시글",
        "timestamp": 1650889886692,
        "index": 9
    },
    {
        "title": "테스트 용 제목",
        "author": "김민하",
        "password": "36acf017ea0974457577506ef75268ac93ed6d61864ee994f438b63916ed1736",
        "contents": "테스트 게시글",
        "timestamp": 1650889887096,
        "index": 10
    }
]
